<?xml version="1.0" encoding="utf-8" standalone="yes"?>
<rss version="2.0" xmlns:atom="http://www.w3.org/2005/Atom">
  <channel>
    <title>Post on BALAMURUGAN PERIYASAMY</title>
    <link>/post/</link>
    <description>Recent content in Post on BALAMURUGAN PERIYASAMY</description>
    <generator>Hugo -- gohugo.io</generator>
    <language>en-US</language>
    <lastBuildDate>Mon, 03 Aug 2020 00:00:00 +0000</lastBuildDate>
    
	<atom:link href="/post/index.xml" rel="self" type="application/rss+xml" />
    
    
    <item>
      <title>Learnings from Andrew course</title>
      <link>/post/learnings-from-andrew-course/</link>
      <pubDate>Mon, 03 Aug 2020 00:00:00 +0000</pubDate>
      
      <guid>/post/learnings-from-andrew-course/</guid>
      <description>how to send the best school team with best strategy to send to olympiad?</description>
    </item>
    
    <item>
      <title>Data things learnt this week</title>
      <link>/post/data-things-learnt-this-week/</link>
      <pubDate>Sun, 02 Aug 2020 00:00:00 +0000</pubDate>
      
      <guid>/post/data-things-learnt-this-week/</guid>
      <description>https://lethain.com/introduction-to-architecting-systems-for-scale/
https://www.benkuhn.net/analytics/</description>
    </item>
    
    <item>
      <title>Learning over this weeks</title>
      <link>/post/learning-over-this-weeks/</link>
      <pubDate>Sun, 02 Aug 2020 00:00:00 +0000</pubDate>
      
      <guid>/post/learning-over-this-weeks/</guid>
      <description>Sivers on delegation
explaing philopsohy put it to down if else end write a manual
Good book on this subject&amp;quot;Emyth revisited&amp;rdquo;&amp;rdquo;
Breaking Bad habits
I want to bring down my web surfing
step 1: creating a good habit. so reading something productive step 2: look at untanling. try removing the prompt for me it is the empty browser. make ti hard, remove th emotivation, may be adding a site blocker step 3: if no sccess still, try to swap in with good behaviour act that needs low skill and motivation</description>
    </item>
    
  </channel>
</rss>