<?xml version="1.0" encoding="utf-8" standalone="yes"?>
<rss version="2.0" xmlns:atom="http://www.w3.org/2005/Atom">
  <channel>
    <title>BALAMURUGAN PERIYASAMY</title>
    <link>/</link>
    <description>Recent content on BALAMURUGAN PERIYASAMY</description>
    <generator>Hugo -- gohugo.io</generator>
    <language>en-US</language>
    <lastBuildDate>Mon, 03 Aug 2020 00:00:00 +0000</lastBuildDate>
    
	<atom:link href="/index.xml" rel="self" type="application/rss+xml" />
    
    
    <item>
      <title>Learnings from Andrew course</title>
      <link>/post/learnings-from-andrew-course/</link>
      <pubDate>Mon, 03 Aug 2020 00:00:00 +0000</pubDate>
      
      <guid>/post/learnings-from-andrew-course/</guid>
      <description>how to send the best school team with best strategy to send to olympiad?</description>
    </item>
    
    <item>
      <title>Data things learnt this week</title>
      <link>/post/data-things-learnt-this-week/</link>
      <pubDate>Sun, 02 Aug 2020 00:00:00 +0000</pubDate>
      
      <guid>/post/data-things-learnt-this-week/</guid>
      <description>https://lethain.com/introduction-to-architecting-systems-for-scale/
https://www.benkuhn.net/analytics/</description>
    </item>
    
    <item>
      <title>Learning over this weeks</title>
      <link>/post/learning-over-this-weeks/</link>
      <pubDate>Sun, 02 Aug 2020 00:00:00 +0000</pubDate>
      
      <guid>/post/learning-over-this-weeks/</guid>
      <description>Sivers on delegation
explaing philopsohy put it to down if else end write a manual
Good book on this subject&amp;quot;Emyth revisited&amp;rdquo;&amp;rdquo;
Breaking Bad habits
I want to bring down my web surfing
step 1: creating a good habit. so reading something productive step 2: look at untanling. try removing the prompt for me it is the empty browser. make ti hard, remove th emotivation, may be adding a site blocker step 3: if no sccess still, try to swap in with good behaviour act that needs low skill and motivation</description>
    </item>
    
    <item>
      <title>Sunday Latte-12 July 20</title>
      <link>/news-letter/sunday-latte-12-july-20/</link>
      <pubDate>Sat, 11 Jul 2020 00:00:00 +0000</pubDate>
      
      <guid>/news-letter/sunday-latte-12-july-20/</guid>
      <description>Below is the transcript of my recent Toastmaster speech. Let me know if you disagree!
In the early 1980s, a black student writes a letter ,“Mom, I am left with only $20 of cash. Please deposit some cash in my account and send some stamps or free food coupons”. How do you think his life would have panned out now? Cut to 2020, he is the worth $2 billion and his records are untouched since he retired from basketball 20 years back.</description>
    </item>
    
    <item>
      <title>Sunday Latte - 07-Jun-20</title>
      <link>/news-letter/sunday-latte-07-jun-2020/</link>
      <pubDate>Sun, 07 Jun 2020 00:00:00 +0000</pubDate>
      
      <guid>/news-letter/sunday-latte-07-jun-2020/</guid>
      <description>Here are the few interesting things I came across the web this week.
Which category of mutual funds even the worst performer in the last one year return is 9% investing in relatively safe assets? Answer in the last section.
Effects Link Hawthorne effect: Modifying action if someone is observing
John Henry effect: In an experiment, if group A is compared with other preferentially treated group B, members of group A actively work harder to overcome the &amp;ldquo;disadvantage&amp;rdquo;.</description>
    </item>
    
    <item>
      <title>Sunday Latte - 31 MAY 2020</title>
      <link>/news-letter/sunday-latte-31-may-2020/</link>
      <pubDate>Sun, 31 May 2020 00:00:00 +0000</pubDate>
      
      <guid>/news-letter/sunday-latte-31-may-2020/</guid>
      <description>&amp;ldquo;Next Wednesday’s meeting has been moved forward two days. What day is Wednesday’s meeting now?”Answer at the bottom
Hugging saint Link Amma aka Hugging saint from Kerala is famous for her hugs and whisper in ears. Now there is a ban on hugging and darshan in her ashram due to covid. Who said pivoting is only for startups?
American Factory - Documentary I watched recently Link  This documentary produced by Obamas won Oscars last year.</description>
    </item>
    
    <item>
      <title>Sunday Latte - 17 MAY 2020</title>
      <link>/news-letter/sunday-latte-17-may-2020/</link>
      <pubDate>Sun, 17 May 2020 00:00:00 +0000</pubDate>
      
      <guid>/news-letter/sunday-latte-17-may-2020/</guid>
      <description>Guess Zoom is bigger than how many world&amp;rsquo;s biggest airlines combined. Answer at the bottom.
Procrastination Link  Why? &amp;ldquo;Task is boring,difficult or we’re worried about failing&amp;rdquo; Effects? &amp;ldquo;Host of adverse mental and physical health consequences, including anxiety and depression, poor health such as colds and flu, and even more serious conditions like cardiovascular disease.&amp;quot; How to overcame? The article recommends as said in frozen 2, &amp;ldquo;Do the next tiny right thing&amp;rdquo;.</description>
    </item>
    
    <item>
      <title>Sunday Latte - 10 MAY 2020</title>
      <link>/news-letter/sunday-latte-10-may-2020/</link>
      <pubDate>Sun, 10 May 2020 00:00:00 +0000</pubDate>
      
      <guid>/news-letter/sunday-latte-10-may-2020/</guid>
      <description>Here are the intereting things I came across the web last week:
Bitcoing is halving.So what? Link  Bitcoin block reward will decrease from 12.5 to 6.25 coins from tomorrow When last two times this happened, Bitcoin increased 8,500% in 2013 and almot 3,000% in 2016. Yes, percentages are double checked and this rise was over 12-18 months period after halving. Bitocoin crashed around 40%($7.9k to 4.9k) in a March and recovered 100%($9.</description>
    </item>
    
    <item>
      <title>Cheat Sheet</title>
      <link>/data-science/cheat-sheet/</link>
      <pubDate>Sat, 09 May 2020 00:00:00 +0000</pubDate>
      
      <guid>/data-science/cheat-sheet/</guid>
      <description>Database  Ask HN: What are some examples of good database schema designs?[https://news.ycombinator.com/item?id=22324691]  </description>
    </item>
    
    <item>
      <title>URL Gazing</title>
      <link>/data-science/url-gazing/</link>
      <pubDate>Sat, 09 May 2020 00:00:00 +0000</pubDate>
      
      <guid>/data-science/url-gazing/</guid>
      <description>#Mental model The Map Is Not the Territory/Menu is not the Meal [https://fs.blog/2015/11/map-and-territory/]</description>
    </item>
    
    <item>
      <title>Sunday Latte - 03 MAY 2020</title>
      <link>/news-letter/sunday-latte-03-may-2020/</link>
      <pubDate>Sun, 03 May 2020 00:00:00 +0000</pubDate>
      
      <guid>/news-letter/sunday-latte-03-may-2020/</guid>
      <description>Guess maximum possible loss and profit made in Nifty this year? Answers at the bottom.
Here are the intereting things I came across the web last week:
Why are stock markets when world is going down? Link  Markets are smart in punishing the impacted companies(Exxon) and rewarding others(Amazon) Market is optimistic which doesnt tie well with reality yet  Can you trust Covid19 models? Link  Models are tough especially when input is dynamic A small change of R_0, viral spread rate, from 2.</description>
    </item>
    
    <item>
      <title>Sunday Latte - 26 April 2020</title>
      <link>/news-letter/weekly-reading-25-april-2020/</link>
      <pubDate>Sat, 25 Apr 2020 00:00:00 +0000</pubDate>
      
      <guid>/news-letter/weekly-reading-25-april-2020/</guid>
      <description>Here are few good articles from last week readings
Career advice for people with bad luck  Politics emerge when the players believe the game is zero sum. Try not to learn the wrong habits. Failure I call living  Give a full read, worth it
How to overcome mental laziness  If you have already reached reading till this, you don&amp;rsquo;t need them :) Few gems from the conversation:</description>
    </item>
    
    <item>
      <title>About</title>
      <link>/about/</link>
      <pubDate>Wed, 15 Jan 2020 00:00:00 +0000</pubDate>
      
      <guid>/about/</guid>
      <description> Coming Soon
 </description>
    </item>
    
    <item>
      <title>Home</title>
      <link>/home/</link>
      <pubDate>Mon, 01 Jan 0001 00:00:00 +0000</pubDate>
      
      <guid>/home/</guid>
      <description>Hey ! Welcome to the Balamurugan&amp;rsquo;s Blog
Take a look around my journals on datascience,learnings and about me.</description>
    </item>
    
    <item>
      <title>License</title>
      <link>/license/</link>
      <pubDate>Mon, 01 Jan 0001 00:00:00 +0000</pubDate>
      
      <guid>/license/</guid>
      <description>You can use this page to put a license on the contents of your blog, like so:
 The MIT License (MIT)
Copyright (c) 2020 Balamurugan Periyasamy
Permission is hereby granted, free of charge, to any person obtaining a copy of this software and associated documentation files (the &amp;ldquo;Software&amp;rdquo;), to deal in the Software without restriction, including without limitation the rights to use, copy, modify, merge, publish, distribute, sublicense, and/or sell copies of the Software, and to permit persons to whom the Software is furnished to do so, subject to the following conditions:</description>
    </item>
    
  </channel>
</rss>